holiday_date,holiday_name
2025-01-01,New Year's Day / Restoration Day of the Independent Czech State
2025-04-18,Good Friday
2025-04-21,Easter Monday
2025-05-01,Labour Day
2025-05-08,Liberation Day
2025-07-05,Saints Cyril and Methodius Day
2025-07-06,Jan Hus Day
2025-09-28,St. Wenceslas Day
2025-10-28,Independent Czechoslovak State Day
2025-11-17,Struggle for Freedom and Democracy Day
2025-12-24,Christmas Eve
2025-12-25,Christmas Day
2025-12-26,St. Stephen's Day
2026-01-01,New Year's Day / Restoration Day of the Independent Czech State
2026-04-03,Good Friday
2026-04-06,Easter Monday
2026-05-01,Labour Day
2026-05-08,Liberation Day
2026-07-05,Saints Cyril and Methodius Day
2026-07-06,Jan Hus Day
2026-09-28,St. Wenceslas Day
2026-10-28,Independent Czechoslovak State Day
2026-11-17,Struggle for Freedom and Democracy Day
2026-12-24,Christmas Eve
2026-12-25,Christmas Day
2026-12-26,St. Stephen's Day
2027-01-01,New Year's Day / Restoration Day of the Independent Czech State
2027-03-26,Good Friday
2027-03-29,Easter Monday
2027-05-01,Labour Day
2027-05-08,Liberation Day
2027-07-05,Saints Cyril and Methodius Day
2027-07-06,Jan Hus Day
2027-09-28,St. Wenceslas Day
2027-10-28,Independent Czechoslovak State Day
2027-11-17,Struggle for Freedom and Democracy Day
2027-12-24,Christmas Eve
2027-12-25,Christmas Day
2027-12-26,St. Stephen's Day
